comid	country
10010-03	Sierra Leone
10011-03	Sierra Leone
10012-03	Sierra Leone
10016-05	Germany
10054-10	Germany
10056-06	Germany
10057-10	Germany
10058-10	Germany
10091-01	Uzbekistan
10093-08	Germany
10094-12	Germany
10098-05	Germany
10108-01	Uzbekistan
10108-11	Germany
10118-05	Germany
1014-10	Germany
10155-09	Germany
1016-12	Germany
10162-04	Germany
10168-06	Germany
10205-03	Sierra Leone
10206-03	Sierra Leone
10207-03	Sierra Leone
10212-12	Germany
10213-12	Germany
10214-09	Germany
10214-12	Germany
10229-10	Germany
10238-08	Germany
10239-08	Germany
10243-09	Germany
10245-11	Germany
10256-10	Germany
10309-10	Germany
10311-11	Germany
10324-06	Germany
10325-06	Germany
10348-03	Sierra Leone
10349-03	Sierra Leone
10353-09	Germany
1036-06	Germany
10362-05	Germany
10363-05	Germany
10392-11	Germany
10396-11	Germany
10410-05	Germany
10413-11	Germany
1042-05	Germany
1043-05	Germany
1043-09	Germany
10433-12	Germany
10461-10	Germany
10468-07	Germany
1047-07	Germany
10471-07	Germany
10480-10	Germany
10481-10	Germany
1049-02	Uzbekistan
10498-05	Germany
1050-08	Germany
10517-03	Sierra Leone
10527-05	Uzbekistan
10529-05	Uzbekistan
10530-05	Uzbekistan
10531-05	Uzbekistan
10531-09	Germany
10532-05	Uzbekistan
10533-05	Uzbekistan
10535-06	Germany
10536-05	Uzbekistan
10539-05	Uzbekistan
10539-12	Germany
10540-05	Uzbekistan
10546-12	Germany
10549-06	Germany
10562-08	Germany
10564-01	Uzbekistan
10567-10	Germany
10574-08	Germany
10574-09	Germany
10583-07	Germany
10584-09	Germany
10596-05	Germany
1062-02	Uzbekistan
10622-09	Germany
10641-08	Germany
10672-10	Germany
10701-08	Germany
10714-06	Germany
10718-09	Germany
10729-12	Germany
10730-04	Uzbekistan
10732-04	Uzbekistan
10734-04	Uzbekistan
10734-09	Germany
10735-04	Uzbekistan
10736-04	Uzbekistan
10738-04	Uzbekistan
10836-09	Germany
10849-11	Germany
10864-08	Germany
10874-11	Germany
10920-11	Germany
10932-10	Germany
10974-11	Germany
1103-06	Germany
11048-07	Germany
11056-12	Germany
11096-03	Sierra Leone
11097-03	Sierra Leone
1110-07	Germany
11135-07	Germany
11156-07	Germany
11198-11	Germany
11216-12	Germany
11219-12	Germany
11233-10	Germany
11244-08	Germany
11306-09	Germany
1131-10	Germany
11324-10	Germany
11331-06	Germany
11361-03	Uzbekistan
11362-03	Uzbekistan
11365-03	Uzbekistan
11366-03	Uzbekistan
11368-07	Germany
1137-10	Germany
11372-03	Uzbekistan
11404-09	Germany
11406-08	Germany
11429-10	Germany
11430-10	Germany
11467-12	Germany
11468-12	Germany
11493-10	Germany
11494-10	Germany
11535-12	Germany
11582-07	Germany
11583-07	Germany
11584-07	Germany
11586-07	Germany
116-04	Uzbekistan
1160-05	Germany
11612-12	Germany
11613-12	Germany
11620-08	Germany
11626-12	Germany
11629-12	Germany
1166-12	Germany
11661-10	Germany
11664-11	Germany
11665-11	Germany
117-04	Uzbekistan
11701-10	Germany
11753-11	Germany
11760-08	Germany
11768-10	Germany
118-04	Uzbekistan
1180-10	Germany
11818-03	Sierra Leone
11821-03	Sierra Leone
11822-03	Sierra Leone
11827-10	Germany
1185-09	Germany
11857-07	Germany
11858-07	Germany
11859-07	Germany
1186-09	Germany
1186-11	Germany
1188-11	Germany
119-04	Uzbekistan
11931-10	Germany
11932-10	Germany
11933-08	Germany
11935-08	Germany
1197-11	Germany
1199-08	Germany
120-04	Uzbekistan
12000-10	Germany
1203-08	Germany
1204-06	Germany
121-04	Uzbekistan
12114-12	Germany
1212-06	Germany
12137-12	Germany
1231-05	Germany
12355-12	Germany
1238-02	Uzbekistan
12397-12	Germany
1244-12	Germany
12657-03	Sierra Leone
129-11	Germany
130-09	Germany
130-11	Germany
1301-05	Uzbekistan
1310-05	Uzbekistan
1311-05	Uzbekistan
1312-05	Uzbekistan
1313-05	Uzbekistan
1314-05	Uzbekistan
1315-05	Uzbekistan
1319-05	Uzbekistan
1322-04	Sierra Leone
1323-08	Germany
1324-04	Sierra Leone
1327-04	Sierra Leone
1327-06	Germany
1339-07	Germany
134-06	Germany
1346-10	Germany
1346-11	Germany
1355-10	Germany
1355-12	Germany
1373-06	Germany
1373-08	Germany
1380-07	Germany
1398-07	Germany
1440-08	Germany
1441-09	Germany
1447-05	Germany
1457-09	Germany
1465-07	Germany
1468-06	Germany
1470-06	Germany
1471-06	Germany
1476-08	Germany
1482-07	Germany
1519-10	Germany
1520-10	Germany
1537-06	Germany
1553-05	Germany
1560-09	Germany
1563-10	Germany
1565-10	Germany
1568-10	Germany
1597-04	Sierra Leone
1599-04	Sierra Leone
1600-06	Uzbekistan
1601-06	Uzbekistan
1602-06	Uzbekistan
1603-06	Uzbekistan
1616-09	Germany
1616-12	Germany
1618-09	Germany
164-10	Germany
1654-11	Germany
1732-05	Germany
1733-05	Germany
1764-05	Germany
1771-06	Germany
1779-04	Sierra Leone
1780-04	Sierra Leone
1783-04	Sierra Leone
1831-10	Germany
1833-10	Germany
184-09	Germany
1847-09	Germany
1877-06	Germany
1880-09	Germany
1907-10	Germany
1927-10	Germany
1942-10	Germany
1956-05	Germany
1962-11	Germany
1966-10	Germany
1973-10	Germany
1979-07	Germany
1998-10	Germany
1999-05	Germany
2009-07	Germany
2032-05	Germany
2036-05	Germany
2043-09	Germany
2044-09	Germany
2063-06	Germany
2072-07	Germany
2078-12	Germany
2087-09	Germany
2088-09	Germany
2093-08	Germany
2098-12	Germany
2106-06	Uzbekistan
2108-10	Germany
2110-07	Germany
2111-07	Germany
2117-06	Uzbekistan
2120-06	Uzbekistan
2123-06	Uzbekistan
2126-06	Uzbekistan
2129-06	Uzbekistan
2132-08	Germany
2134-10	Germany
2148-08	Germany
2149-05	Germany
216-12	Germany
2174-08	Germany
2180-05	Germany
2210-05	Germany
2211-05	Germany
2250-11	Germany
2274-11	Germany
2279-07	Germany
2280-07	Germany
2291-11	Germany
2295-04	Uzbekistan
2296-04	Uzbekistan
2298-09	Germany
2299-04	Uzbekistan
2300-04	Uzbekistan
2303-04	Uzbekistan
2308-08	Germany
2316-08	Germany
2318-12	Germany
2320-12	Germany
2323-08	Germany
2325-10	Germany
2367-10	Germany
238-02	Uzbekistan
2380-07	Germany
2381-05	Uzbekistan
2383-05	Uzbekistan
2383-12	Germany
2384-05	Uzbekistan
2386-05	Uzbekistan
2388-11	Germany
2388-12	Germany
2389-05	Uzbekistan
2391-05	Uzbekistan
2391-06	Uzbekistan
2392-05	Uzbekistan
2393-05	Uzbekistan
2394-06	Uzbekistan
2396-05	Uzbekistan
2397-06	Uzbekistan
2398-06	Uzbekistan
2399-06	Uzbekistan
2402-06	Uzbekistan
2412-06	Germany
2439-10	Germany
2441-10	Germany
2463-07	Germany
2464-07	Germany
2466-07	Germany
2475-06	Germany
2491-08	Germany
2499-12	Germany
2501-08	Germany
2535-11	Germany
256-05	Germany
2564-08	Germany
2566-11	Germany
2582-12	Germany
2590-06	Germany
2592-06	Germany
2594-06	Germany
2602-12	Germany
262-11	Germany
2620-09	Germany
2637-09	Germany
2644-10	Germany
2645-10	Germany
2649-09	Germany
2651-10	Germany
2698-08	Germany
2707-10	Germany
2741-05	Germany
2758-11	Germany
277-12	Germany
2772-12	Germany
2793-05	Germany
2794-09	Germany
2839-11	Germany
2865-11	Germany
2867-11	Germany
2882-11	Germany
2898-12	Germany
2906-11	Germany
2926-11	Germany
2928-12	Germany
2942-12	Germany
2943-12	Germany
2951-08	Germany
2976-12	Germany
2982-11	Germany
2987-09	Germany
2989-06	Uzbekistan
2991-06	Uzbekistan
2994-06	Uzbekistan
2997-06	Uzbekistan
3003-06	Uzbekistan
3004-06	Uzbekistan
3009-04	Uzbekistan
3014-04	Uzbekistan
3014-08	Germany
3015-05	Germany
3015-08	Germany
3032-06	Germany
3055-05	Germany
3064-07	Germany
3082-05	Uzbekistan
3083-05	Uzbekistan
3084-05	Uzbekistan
3086-05	Uzbekistan
3087-05	Uzbekistan
3087-07	Germany
3088-06	Germany
3089-05	Uzbekistan
3109-11	Germany
3151-09	Germany
3154-04	Sierra Leone
3156-04	Sierra Leone
3158-04	Sierra Leone
3160-04	Sierra Leone
3176-05	Germany
3176-10	Germany
3222-06	Germany
3223-06	Germany
3230-06	Germany
3251-10	Germany
3258-07	Germany
3269-06	Germany
327-11	Germany
3270-10	Germany
3271-10	Germany
3274-11	Germany
329-09	Germany
329-10	Germany
33-11	Germany
3302-10	Germany
3304-10	Germany
3305-05	Germany
3306-05	Germany
3316-05	Germany
3323-10	Germany
333-08	Germany
335-10	Germany
3361-08	Germany
3362-12	Germany
3363-05	Germany
3364-09	Germany
3373-06	Germany
340-08	Germany
3417-10	Germany
3422-09	Germany
3431-07	Germany
3434-07	Germany
3435-06	Germany
3437-06	Germany
3443-08	Germany
3454-10	Germany
3468-05	Germany
3484-07	Germany
3491-04	Sierra Leone
3493-07	Germany
3494-04	Sierra Leone
3496-04	Sierra Leone
3496-10	Germany
3497-04	Sierra Leone
3498-11	Germany
3501-05	Germany
3502-11	Germany
3523-11	Germany
3529-10	Germany
353-09	Germany
3536-10	Germany
3543-05	Germany
3555-09	Germany
3561-07	Germany
3599-08	Germany
3603-10	Germany
3604-07	Germany
3604-10	Germany
3606-11	Germany
3615-12	Germany
3625-11	Germany
3630-05	Germany
3652-06	Germany
3657-05	Germany
3662-10	Germany
3665-10	Germany
3670-04	Uzbekistan
3671-04	Uzbekistan
3672-04	Uzbekistan
3675-04	Uzbekistan
3676-04	Uzbekistan
3677-04	Uzbekistan
3678-04	Uzbekistan
3691-08	Germany
3692-05	Germany
3692-08	Germany
3694-05	Germany
3695-10	Germany
3696-10	Germany
3699-10	Germany
37-06	Germany
3709-08	Germany
3717-07	Germany
3734-04	Sierra Leone
3736-04	Sierra Leone
3766-11	Germany
377-09	Germany
3796-11	Germany
3798-11	Germany
38-12	Germany
3800-05	Uzbekistan
3806-05	Uzbekistan
3811-05	Uzbekistan
3826-09	Germany
3827-09	Germany
3846-10	Germany
3859-03	Sierra Leone
3861-03	Sierra Leone
3862-09	Germany
3865-03	Sierra Leone
3866-09	Germany
3901-05	Germany
3903-09	Germany
3929-10	Germany
3930-06	Germany
3941-08	Germany
3944-06	Germany
3974-05	Germany
3980-06	Germany
3986-07	Germany
3987-07	Germany
4003-05	Germany
4003-11	Germany
4004-05	Germany
4004-11	Germany
4005-05	Germany
4063-09	Germany
4080-07	Germany
4117-12	Germany
4122-12	Germany
4129-11	Germany
4132-07	Germany
4139-04	Sierra Leone
4145-04	Sierra Leone
4147-10	Germany
4148-04	Sierra Leone
4157-06	Germany
418-08	Germany
420-04	Sierra Leone
4203-06	Germany
421-04	Sierra Leone
4215-06	Germany
4220-07	Germany
425-06	Germany
4312-12	Germany
4342-06	Germany
4345-06	Germany
4347-06	Germany
4353-06	Germany
4355-06	Germany
4373-05	Germany
4375-05	Germany
4381-10	Germany
4382-05	Germany
4385-10	Germany
4386-12	Germany
4388-11	Germany
4403-05	Germany
4427-05	Germany
444-09	Germany
4456-05	Germany
4458-11	Germany
448-07	Germany
4484-07	Germany
4491-05	Uzbekistan
4514-03	Sierra Leone
4516-03	Sierra Leone
4518-03	Sierra Leone
4523-03	Sierra Leone
4524-06	Germany
4524-07	Germany
4526-07	Germany
4534-04	Uzbekistan
4536-04	Uzbekistan
4538-04	Uzbekistan
4539-04	Uzbekistan
4542-04	Uzbekistan
4543-04	Uzbekistan
4543-07	Germany
4544-04	Uzbekistan
4545-12	Germany
4546-04	Uzbekistan
4549-04	Uzbekistan
4555-09	Germany
4591-10	Germany
4615-05	Germany
4617-05	Germany
4628-09	Germany
4632-06	Germany
4632-09	Germany
4652-05	Germany
4660-09	Germany
4665-11	Germany
4682-08	Germany
4682-11	Germany
4686-05	Germany
4690-10	Germany
4702-11	Germany
4712-04	Sierra Leone
4717-04	Sierra Leone
4720-06	Germany
4725-08	Germany
4730-03	Sierra Leone
4733-10	Germany
4740-11	Germany
475-09	Germany
4751-12	Germany
4757-09	Germany
4766-08	Germany
4779-04	Sierra Leone
4781-04	Sierra Leone
4783-04	Sierra Leone
4785-04	Sierra Leone
4790-09	Germany
4794-07	Germany
4814-12	Germany
4825-07	Germany
4833-12	Germany
4842-09	Germany
4851-12	Germany
4856-08	Germany
4858-08	Germany
4859-08	Germany
4863-08	Germany
4871-11	Germany
4872-11	Germany
4890-09	Germany
4898-12	Germany
4903-07	Germany
4904-07	Germany
4911-10	Germany
4932-05	Germany
4949-06	Germany
4951-06	Germany
4986-11	Germany
4989-09	Germany
4995-12	Germany
4997-12	Germany
5016-05	Germany
5017-10	Germany
5028-08	Germany
503-09	Germany
5052-11	Germany
5054-08	Germany
5055-05	Germany
5064-05	Germany
5065-05	Germany
5072-05	Germany
5073-05	Germany
5078-08	Germany
5141-06	Germany
5178-12	Germany
52-05	Germany
5217-09	Germany
5218-09	Germany
5233-09	Germany
5247-12	Germany
5248-04	Sierra Leone
5249-07	Germany
5250-12	Germany
5252-12	Germany
5253-04	Sierra Leone
5276-11	Germany
5277-08	Germany
5281-08	Germany
5291-06	Germany
5310-05	Germany
5310-11	Germany
5311-05	Germany
5313-05	Germany
5318-09	Germany
5325-09	Germany
5331-05	Germany
5332-05	Germany
5357-07	Germany
538-10	Germany
5381-12	Germany
539-10	Germany
5396-06	Germany
54-02	Uzbekistan
5414-12	Germany
5426-09	Germany
5468-03	Sierra Leone
5472-03	Sierra Leone
5489-06	Germany
5494-07	Germany
5496-11	Germany
5514-05	Germany
5530-11	Germany
5536-05	Germany
5568-12	Germany
5573-01	Uzbekistan
5574-01	Uzbekistan
5599-07	Germany
5602-05	Germany
5603-05	Germany
5607-06	Germany
5608-06	Germany
5608-12	Germany
5620-06	Germany
564-08	Germany
5647-09	Germany
5661-08	Germany
5685-04	Sierra Leone
5687-04	Sierra Leone
5696-05	Uzbekistan
5713-06	Germany
5720-09	Germany
5741-08	Germany
5746-05	Germany
5751-05	Germany
5768-06	Germany
5806-05	Germany
5812-10	Germany
5828-05	Germany
5829-05	Germany
5865-11	Germany
5870-03	Sierra Leone
5872-03	Sierra Leone
5888-06	Germany
5917-06	Germany
5918-09	Germany
5927-06	Germany
593-06	Germany
596-09	Germany
5976-05	Germany
5977-05	Germany
5978-05	Germany
5982-12	Germany
5984-05	Germany
6010-12	Germany
6028-10	Germany
6029-10	Germany
6055-10	Germany
6060-11	Germany
6085-06	Germany
6103-11	Germany
6128-11	Germany
6140-05	Germany
6170-08	Germany
62-10	Germany
6213-09	Germany
6213-12	Germany
6225-11	Germany
6232-04	Uzbekistan
6236-04	Uzbekistan
6243-06	Germany
6243-12	Germany
6244-06	Germany
6249-11	Germany
6273-09	Germany
6282-06	Germany
629-09	Germany
629-12	Germany
6321-01	Uzbekistan
6323-01	Uzbekistan
6335-05	Uzbekistan
6337-05	Uzbekistan
6339-05	Uzbekistan
6355-05	Germany
6356-05	Germany
636-06	Germany
6372-05	Germany
6385-11	Germany
640-11	Germany
6424-10	Germany
6429-03	Sierra Leone
6435-03	Sierra Leone
6440-05	Germany
6451-10	Germany
6456-07	Germany
6458-10	Germany
646-10	Germany
6463-04	Sierra Leone
6483-11	Germany
6509-10	Germany
6511-08	Germany
6516-01	Uzbekistan
6519-01	Uzbekistan
6545-12	Germany
6550-09	Germany
6557-11	Germany
6570-05	Germany
6577-07	Germany
6578-10	Germany
6581-05	Uzbekistan
6581-06	Germany
6586-05	Uzbekistan
659-08	Germany
6597-12	Germany
6629-07	Germany
6637-04	Sierra Leone
6639-04	Sierra Leone
6640-04	Sierra Leone
6656-07	Germany
6663-11	Germany
6667-07	Germany
6668-07	Germany
6688-04	Uzbekistan
6689-04	Uzbekistan
6689-07	Germany
6690-04	Uzbekistan
6691-04	Uzbekistan
6693-04	Uzbekistan
6694-04	Uzbekistan
6695-04	Uzbekistan
6699-07	Germany
6708-09	Germany
673-04	Uzbekistan
674-04	Uzbekistan
6753-07	Germany
6754-06	Germany
6755-05	Germany
676-04	Uzbekistan
6769-04	Sierra Leone
677-04	Uzbekistan
6775-04	Sierra Leone
678-04	Uzbekistan
679-04	Uzbekistan
6790-05	Germany
6790-09	Germany
6791-05	Germany
6791-09	Germany
6792-05	Germany
6792-09	Germany
6792-11	Germany
6793-09	Germany
6795-11	Germany
6810-06	Germany
6810-08	Germany
6811-05	Germany
683-05	Uzbekistan
684-06	Uzbekistan
6844-06	Germany
685-05	Uzbekistan
687-05	Uzbekistan
687-06	Uzbekistan
688-05	Uzbekistan
688-06	Uzbekistan
6892-04	Sierra Leone
6894-10	Germany
6894-12	Germany
6897-04	Sierra Leone
690-05	Uzbekistan
6900-07	Germany
691-05	Uzbekistan
692-05	Uzbekistan
6922-05	Germany
6929-11	Germany
693-06	Uzbekistan
6942-07	Germany
695-06	Uzbekistan
695-12	Germany
6952-05	Germany
6956-11	Germany
696-05	Uzbekistan
6967-09	Germany
6975-01	Uzbekistan
6977-01	Uzbekistan
698-05	Uzbekistan
6981-01	Uzbekistan
700-10	Germany
7000-03	Sierra Leone
701-05	Uzbekistan
702-05	Uzbekistan
702-06	Uzbekistan
7035-08	Germany
7036-08	Germany
7037-08	Germany
7038-08	Germany
704-05	Uzbekistan
7043-06	Germany
7043-08	Germany
7045-06	Germany
7056-06	Germany
706-05	Uzbekistan
7068-05	Germany
7093-09	Germany
7093-11	Germany
71-09	Germany
7106-08	Germany
711-05	Uzbekistan
7113-11	Germany
712-05	Uzbekistan
7126-08	Germany
713-05	Uzbekistan
7132-05	Germany
7135-04	Sierra Leone
7137-01	Uzbekistan
714-05	Uzbekistan
715-10	Germany
718-10	Germany
7194-05	Germany
7195-05	Germany
7204-12	Germany
7205-12	Germany
7206-12	Germany
7207-12	Germany
724-11	Germany
7258-06	Germany
7297-05	Germany
7301-08	Germany
733-10	Germany
7333-07	Germany
7334-07	Germany
7342-12	Germany
7349-05	Uzbekistan
735-10	Germany
7350-09	Germany
7369-06	Germany
7376-09	Germany
7387-09	Germany
7417-12	Germany
7426-01	Uzbekistan
7438-11	Germany
7440-08	Germany
7440-11	Germany
7445-09	Germany
7467-01	Uzbekistan
7468-01	Uzbekistan
7507-05	Germany
7516-04	Sierra Leone
7517-04	Sierra Leone
7538-03	Sierra Leone
7542-12	Germany
7570-05	Germany
7573-10	Germany
7586-11	Germany
7594-10	Germany
7595-10	Germany
760-06	Germany
7624-05	Germany
763-08	Germany
7660-06	Germany
7661-06	Germany
7695-01	Uzbekistan
7698-01	Uzbekistan
770-10	Germany
7701-08	Germany
7768-06	Germany
7769-06	Germany
7803-05	Germany
7816-09	Germany
7820-05	Germany
7826-10	Germany
7828-07	Germany
7834-10	Germany
784-02	Uzbekistan
7898-09	Germany
791-05	Germany
7942-05	Uzbekistan
7949-05	Uzbekistan
795-02	Uzbekistan
7950-05	Uzbekistan
7950-10	Germany
7952-05	Uzbekistan
7952-07	Germany
7953-05	Uzbekistan
7954-05	Uzbekistan
7956-11	Germany
7963-11	Germany
7969-07	Germany
7992-08	Germany
8023-12	Germany
8035-06	Germany
8038-07	Germany
8039-07	Germany
8053-05	Germany
8071-05	Germany
8082-03	Sierra Leone
8088-01	Uzbekistan
8088-07	Germany
8092-01	Uzbekistan
8096-05	Germany
8116-09	Germany
8117-09	Germany
8119-04	Uzbekistan
8121-04	Uzbekistan
8122-04	Uzbekistan
8123-04	Uzbekistan
8124-04	Uzbekistan
8125-04	Uzbekistan
8127-04	Uzbekistan
8128-04	Uzbekistan
8129-04	Uzbekistan
8130-04	Uzbekistan
8131-04	Uzbekistan
8132-04	Uzbekistan
8133-04	Uzbekistan
8143-05	Germany
8160-09	Germany
8182-10	Germany
8195-08	Germany
8196-08	Germany
8199-08	Germany
820-10	Germany
8210-12	Germany
8215-09	Germany
8224-07	Germany
8230-07	Germany
8262-01	Uzbekistan
8267-06	Germany
8306-06	Germany
8307-06	Germany
8308-06	Germany
8313-08	Germany
8332-09	Germany
8360-08	Germany
8366-05	Germany
84-06	Germany
8404-01	Uzbekistan
8404-08	Germany
8407-01	Uzbekistan
8435-05	Uzbekistan
8439-05	Uzbekistan
8440-05	Uzbekistan
8446-05	Uzbekistan
8447-05	Uzbekistan
8455-05	Uzbekistan
8456-05	Uzbekistan
8457-05	Uzbekistan
8465-12	Germany
8480-07	Germany
8487-05	Germany
8506-06	Germany
8515-12	Germany
8516-12	Germany
852-07	Germany
853-06	Germany
8586-05	Germany
8586-10	Germany
8591-06	Germany
8634-08	Germany
8635-08	Germany
8644-04	Uzbekistan
8645-04	Uzbekistan
8647-01	Uzbekistan
8647-04	Uzbekistan
8648-04	Uzbekistan
8649-04	Uzbekistan
8650-04	Uzbekistan
8650-11	Germany
8651-04	Uzbekistan
8652-04	Uzbekistan
8654-06	Germany
8655-04	Uzbekistan
8658-01	Uzbekistan
8658-04	Uzbekistan
8659-01	Uzbekistan
8659-04	Uzbekistan
8660-04	Uzbekistan
8661-04	Uzbekistan
8662-04	Uzbekistan
8662-05	Germany
8664-04	Uzbekistan
8666-04	Uzbekistan
8668-04	Uzbekistan
8669-04	Uzbekistan
8671-04	Uzbekistan
8681-07	Germany
8688-09	Germany
8745-06	Germany
8767-06	Germany
8768-06	Germany
8769-11	Germany
8779-06	Germany
8844-10	Germany
8846-11	Germany
8847-11	Germany
886-12	Germany
8864-03	Sierra Leone
8867-03	Sierra Leone
8868-03	Sierra Leone
8869-01	Uzbekistan
8871-01	Uzbekistan
8874-01	Uzbekistan
8896-11	Germany
8912-09	Germany
8917-07	Germany
8918-07	Germany
8919-07	Germany
8926-05	Germany
8927-06	Germany
8941-07	Germany
8961-05	Germany
8962-06	Germany
8998-11	Germany
9000-10	Germany
9002-06	Germany
9003-06	Germany
9045-05	Uzbekistan
9048-05	Uzbekistan
9050-05	Uzbekistan
9052-05	Uzbekistan
9053-05	Uzbekistan
9054-05	Uzbekistan
9057-12	Germany
9059-05	Uzbekistan
9059-12	Germany
9060-05	Uzbekistan
9064-05	Uzbekistan
9096-01	Uzbekistan
9097-09	Germany
9133-09	Germany
9148-11	Germany
9150-05	Germany
9165-12	Germany
9167-12	Germany
9171-08	Germany
9179-05	Germany
9211-06	Germany
925-08	Germany
9254-06	Germany
9265-08	Germany
9293-07	Germany
9293-11	Germany
9294-11	Germany
9295-12	Germany
9296-06	Germany
9296-07	Germany
9296-10	Germany
9297-07	Germany
9300-07	Germany
9322-08	Germany
9337-09	Germany
9342-11	Germany
936-05	Germany
9368-08	Germany
9382-07	Germany
9385-08	Germany
9385-12	Germany
9407-10	Germany
9424-08	Germany
9426-11	Germany
9489-08	Germany
9504-10	Germany
9524-07	Germany
9528-08	Germany
9538-11	Germany
9546-01	Uzbekistan
9549-01	Uzbekistan
9553-01	Uzbekistan
9556-08	Germany
9559-01	Uzbekistan
9560-01	Uzbekistan
9580-10	Germany
9589-07	Germany
9598-07	Germany
9604-08	Germany
961-07	Germany
9670-11	Germany
9675-11	Germany
9677-10	Germany
9679-07	Germany
9681-11	Germany
9688-04	Uzbekistan
9689-04	Uzbekistan
9690-04	Uzbekistan
9691-04	Uzbekistan
9694-04	Uzbekistan
9700-04	Uzbekistan
9702-04	Uzbekistan
9703-04	Uzbekistan
9707-12	Germany
9708-05	Germany
9716-11	Germany
9750-07	Germany
9755-11	Germany
9798-07	Germany
9825-01	Uzbekistan
9827-08	Germany
9828-01	Uzbekistan
9829-08	Germany
984-08	Germany
9840-06	Germany
987-07	Germany
987-08	Germany
9870-09	Germany
9893-07	Germany
9894-10	Germany
9921-09	Germany
9921-12	Germany
9952-07	Germany
9961-11	Germany
9965-07	Germany
9966-05	Uzbekistan
997-10	Germany
9972-05	Uzbekistan
9973-05	Uzbekistan
9974-05	Uzbekistan
9975-05	Uzbekistan
9976-05	Uzbekistan
9977-05	Uzbekistan
9978-05	Uzbekistan
9979-05	Uzbekistan
998-05	Germany
9980-05	Uzbekistan
9982-05	Uzbekistan
999-12	Germany
C00000569	UK
C00000570	UK
C00000571	UK
C00000572	UK
C00000573	UK
C00000574	UK
C00000575	UK
C00000577	UK
C00000578	UK
C00000579	UK
C00000581	UK
C00000582	UK
C00000583	UK
C00003745	UK
C00003746	UK
C00003747	UK
C00003748	UK
C00003749	UK
C00003750	UK
C00003751	UK
C00003752	UK
C00003753	UK
C00003754	UK
C00003755	UK
C00003756	UK
C00003757	UK
C00003758	UK
C00003759	UK
C00003761	UK
C00003762	UK
C00003763	UK
C00003764	UK
C00003765	UK
C00003766	UK
C00003767	UK
C00003768	UK
C00003769	UK
C00003770	UK
C00003771	UK
C00003772	UK
C00003773	UK
C00003774	UK
C00003775	UK
C00003776	UK
C00003777	UK
C00003778	UK
C00003779	UK
C00003780	UK
C00003781	UK
C00003782	UK
C00003783	UK
C00003784	UK
C00003785	UK
C00003786	UK
C00003787	UK
C00003788	UK
C00003790	UK
C00003791	UK
C00003792	UK
C00003793	UK
C00003794	UK
C00003795	UK
C00003796	UK
C00003797	UK
C00003798	UK
C00003799	UK
C00003800	UK
C00003801	UK
C00003802	UK
C00003803	UK
C00003804	UK
C00003805	UK
C00003806	UK
C00003807	UK
C00003808	UK
C00003809	UK
C00003810	UK
C00003811	UK
C00003812	UK
C00003813	UK
C00003814	UK
C00003815	UK
C00003816	UK
C00003817	UK
C00003818	UK
C00003819	UK
C00003820	UK
C00003821	UK
C00003822	UK
C00003823	UK
C00003824	UK
C00003825	UK
C00003826	UK
C00003827	UK
C00003828	UK
C00003829	UK
C00003830	UK
C00003831	UK
C00003832	UK
C00003833	UK
C00003834	UK
C00003835	UK
C00003836	UK
C00003837	UK
C00003838	UK
C00003839	UK
C00003840	UK
C00005264	UK
C00005265	UK
C00005266	UK
C00005267	UK
C00005268	UK
C00005269	UK
C00005270	UK
C00005271	UK
C00005272	UK
C00005273	UK
C00005274	UK
C00005275	UK
C00005276	UK
C00005277	UK
C00005278	UK
C00005279	UK
C00005280	UK
C00005281	UK
C00005282	UK
C00005283	UK
C00005284	UK
C00005285	UK
C00005286	UK
C00005287	UK
C00005288	UK
C00005289	UK
C00005290	UK
C00005291	UK
C00005292	UK
C00005293	UK
C00005294	UK
C00005295	UK
C00005296	UK
C00005297	UK
C00005298	UK
C00005299	UK
C00005300	UK
C00005301	UK
C00005302	UK
C00005303	UK
C00005304	UK
C00005305	UK
C00005306	UK
C00005307	UK
C00005308	UK
C00005309	UK
C00005310	UK
C00005311	UK
C00005312	UK
C00005313	UK
C00005314	UK
C00005315	UK
C00005316	UK
C00005317	UK
C00005318	UK
C00005319	UK
C00005320	UK
C00005321	UK
C00005323	UK
C00005324	UK
C00005326	UK
C00005327	UK
C00005329	UK
C00005330	UK
C00005331	UK
C00005332	UK
C00005333	UK
C00005334	UK
C00005335	UK
C00005336	UK
C00005337	UK
C00005338	UK
C00005339	UK
C00005340	UK
C00005342	UK
C00005345	UK
C00005346	UK
C00005347	UK
C00005348	UK
C00005349	UK
C00005350	UK
C00005351	UK
C00005353	UK
C00005354	UK
C00005355	UK
C00005356	UK
C00005357	UK
C00005358	UK
C00005359	UK
C00005360	UK
C00005361	UK
C00005363	UK
C00005364	UK
C00005366	UK
C00005367	UK
C00005368	UK
C00005369	UK
C00005370	UK
C00005372	UK
C00005373	UK
C00005374	UK
C00005375	UK
C00005376	UK
C00005377	UK
C00005378	UK
C00005379	UK
C00005380	UK
C00005381	UK
C00005382	UK
C00005384	UK
C00005385	UK
C00005386	UK
C00005387	UK
C00005388	UK
C00005389	UK
C00005390	UK
C00005392	UK
C00005393	UK
C00005394	UK
C00005395	UK
C00005396	UK
C00005397	UK
C00005398	UK
C00005399	UK
C00005400	UK
C00005401	UK
C00005402	UK
C00005404	UK
C00005406	UK
C00005407	UK
C00005408	UK
C00005409	UK
C00005410	UK
C00005411	UK
C00005412	UK
C00005413	UK
C00005414	UK
C00005415	UK
C00005416	UK
C00005417	UK
C00005418	UK
C00005419	UK
C00005420	UK
C00005421	UK
C00005422	UK
C00005423	UK
C00005425	UK
C00005426	UK
C00005428	UK
C00005429	UK
C00005430	UK
C00005432	UK
C00005435	UK
C00005438	UK
C00005439	UK
C00005440	UK
C00005442	UK
C00005443	UK
C00005445	UK
C00005446	UK
C00005448	UK
C00005449	UK
C00005450	UK
C00005451	UK
C00005452	UK
C00005453	UK
C00005454	UK
C00005455	UK
C00005456	UK
C00005457	UK
C00005458	UK
C00005459	UK
C00005460	UK
C00005461	UK
C00005462	UK
C00005463	UK
C00005464	UK
C00005465	UK
C00005466	UK
C00005467	UK
C00005468	UK
C00005469	UK
C00005470	UK
C00005471	UK
C00005472	UK
C00005473	UK
C00005474	UK
C00005475	UK
C00005476	UK
C00005477	UK
C00005478	UK
C00005480	UK
C00005481	UK
C00005482	UK
C00005483	UK
C00005484	UK
C00005485	UK
C00005486	UK
C00005487	UK
C00005488	UK
C00005489	UK
C00005490	UK
C00005492	UK
C00005493	UK
C00005494	UK
C00005495	UK
C00005496	UK
C00005498	UK
C00005499	UK
C00005500	UK
C00005501	UK
C00005502	UK
C00005503	UK
C00005504	UK
C00005505	UK
C00005506	UK
C00005507	UK
C00005508	UK
C00005509	UK
C00005510	UK
C00005511	UK
C00005512	UK
C00005513	UK
C00005514	UK
C00005515	UK
C00005516	UK
C00005517	UK
C00005518	UK
C00005519	UK
C00005520	UK
C00005522	UK
C00005523	UK
C00005524	UK
C00005525	UK
C00005526	UK
C00005527	UK
C00005528	UK
C00005529	UK
C00005530	UK
C00005531	UK
C00005532	UK
C00005533	UK
C00005534	UK
C00005535	UK
C00005537	UK
C00005538	UK
C00005539	UK
C00005540	UK
C00005541	UK
C00005542	UK
C00005543	UK
C00005544	UK
C00005545	UK
C00005546	UK
C00005547	UK
C00005548	UK
C00005549	UK
C00005550	UK
C00005551	UK
C00007129	UK
C00007141	UK
C00007265	UK
C00007267	UK
C00007268	UK
C00007269	UK
C00007270	UK
C00007271	UK
C00007272	UK
C00007273	UK
C00007274	UK
C00007275	UK
C00007276	UK
C00007277	UK
C00007278	UK
C00007279	UK
C00007280	UK
C00007282	UK
C00007283	UK
C00007284	UK
C00007285	UK
C00007286	UK
C00007287	UK
C00007288	UK
C00007289	UK
C00007290	UK
C00007291	UK
C00007292	UK
C00007293	UK
C00007294	UK
C00007295	UK
C00007296	UK
C00007297	UK
C00007298	UK
C00007299	UK
C00007300	UK
C00007301	UK
C00007302	UK
C00007303	UK
C00007304	UK
C00007306	UK
C00007307	UK
C00007308	UK
C00007309	UK
C00007310	UK
C00007311	UK
C00007312	UK
C00007313	UK
C00007314	UK
C00007315	UK
C00007316	UK
C00007318	UK
C00007319	UK
C00007320	UK
C00007321	UK
C00007322	UK
C00007323	UK
C00007324	UK
C00007325	UK
C00007326	UK
C00007327	UK
C00007328	UK
C00007329	UK
C00007330	UK
C00007331	UK
C00007333	UK
C00007334	UK
C00007335	UK
C00007339	UK
C00007340	UK
C00007341	UK
C00007342	UK
C00007343	UK
C00007344	UK
C00007345	UK
C00007346	UK
C00007347	UK
C00007348	UK
C00007355	UK
C00007356	UK
C00007560	UK
C00007565	UK
C00007566	UK
C00007569	UK
C00007570	UK
C00008671	UK
C00008672	UK
C00008675	UK
C00008676	UK
C00008677	UK
C00008678	UK
C00008679	UK
C00008680	UK
C00008681	UK
C00008682	UK
C00008683	UK
C00008684	UK
C00008687	UK
C00008688	UK
C00008689	UK
C00008690	UK
C00008691	UK
C00008692	UK
C00008694	UK
C00008695	UK
C00008696	UK
C00008699	UK
C00008700	UK
C00008701	UK
C00008702	UK
C00008703	UK
C00008704	UK
C00008705	UK
C00008706	UK
C00008707	UK
C00008708	UK
C00008709	UK
C00008711	UK
C00008712	UK
C00008713	UK
C00008714	UK
C00008716	UK
C00008717	UK
C00008718	UK
C00008719	UK
C00008720	UK
C00008721	UK
C00008722	UK
C00008723	UK
C00008725	UK
C00008726	UK
C00008727	UK
C00008728	UK
C00008729	UK
C00008731	UK
C00008732	UK
C00008733	UK
C00008734	UK
C00008735	UK
C00008736	UK
C00008737	UK
C00008738	UK
C00008739	UK
C00008740	UK
C00008741	UK
C00008742	UK
C00008743	UK
C00008744	UK
C00008745	UK
C00008746	UK
C00008747	UK
C00008748	UK
C00008749	UK
C00008750	UK
C00008751	UK
C00008752	UK
C00008753	UK
C00008754	UK
C00008755	UK
C00008756	UK
C00008757	UK
C00008758	UK
C00008759	UK
C00008760	UK
C00008762	UK
C00008765	UK
C00008766	UK
C00008767	UK
C00008768	UK
C00008769	UK
C00008770	UK
C00008771	UK
C00008772	UK
C00008773	UK
C00008774	UK
C00008776	UK
C00008777	UK
C00008778	UK
C00008779	UK
C00008781	UK
C00008782	UK
C00008783	UK
C00008784	UK
C00008785	UK
C00008786	UK
C00008787	UK
C00008788	UK
C00008789	UK
C00008790	UK
C00008791	UK
C00008793	UK
C00008794	UK
C00008795	UK
C00008796	UK
C00008797	UK
C00008798	UK
C00008799	UK
C00008800	UK
C00008801	UK
C00008804	UK
C00008805	UK
C00008806	UK
C00008807	UK
C00008808	UK
C00008809	UK
C00008810	UK
C00008811	UK
C00008812	UK
C00008813	UK
C00008816	UK
C00008817	UK
C00008818	UK
C00008819	UK
C00008820	UK
C00008821	UK
C00008822	UK
C00008823	UK
C00008824	UK
C00008825	UK
C00008826	UK
C00008827	UK
C00008828	UK
C00008829	UK
C00008830	UK
C00008831	UK
C00008832	UK
C00008833	UK
C00008834	UK
C00008835	UK
C00008836	UK
C00008837	UK
C00008838	UK
C00008839	UK
C00008840	UK
C00008841	UK
C00008842	UK
C00008843	UK
C00008844	UK
C00008845	UK
C00008846	UK
C00008847	UK
C00008848	UK
C00008849	UK
C00008850	UK
C00008851	UK
C00008852	UK
C00008853	UK
C00008854	UK
C00008855	UK
C00008856	UK
C00008858	UK
C00008860	UK
C00008861	UK
C00008862	UK
C00008863	UK
C00008864	UK
C00008865	UK
C00008866	UK
C00008867	UK
C00008868	UK
C00008869	UK
C00008870	UK
C00008871	UK
C00008872	UK
C00008873	UK
C00008874	UK
C00008875	UK
C00008876	UK
C00008877	UK
C00008878	UK
C00008879	UK
C00008881	UK
C00008883	UK
C00008884	UK
C00008885	UK
C00008886	UK
C00008887	UK
C00008888	UK
C00008889	UK
C00008890	UK
C00008891	UK
C00008892	UK
C00008893	UK
C00008894	UK
C00008895	UK
C00008896	UK
C00008897	UK
C00008898	UK
C00008899	UK
C00008900	UK
C00008901	UK
C00008902	UK
C00008903	UK
C00008904	UK
C00008905	UK
C00008907	UK
C00008909	UK
C00008910	UK
C00008911	UK
C00008912	UK
C00008913	UK
C00008914	UK
C00008915	UK
C00008916	UK
C00008917	UK
C00008918	UK
C00008919	UK
C00008920	UK
C00008921	UK
C00008922	UK
C00008923	UK
C00008924	UK
C00008925	UK
C00008926	UK
C00008927	UK
C00008928	UK
C00008929	UK
C00008930	UK
C00008931	UK
C00008932	UK
C00008933	UK
C00008934	UK
C00008936	UK
C00008937	UK
C00009037	UK
C00009055	UK
C00009070	UK
C00009072	UK
C00009079	UK
C00009080	UK
C00009088	UK
C00009092	UK
C00009094	UK
C00009095	UK
C00009104	UK
C00009110	UK
C00009113	UK
C00009116	UK
C00009122	UK
C00009128	UK
C00010177	UK
C00010178	UK
C00010179	UK
C00010180	UK
C00010182	UK
C00010185	UK
C00010186	UK
C00010187	UK
C00010188	UK
C00010189	UK
C00010190	UK
C00010191	UK
C00010192	UK
C00010193	UK
C00010194	UK
C00010195	UK
C00010196	UK
C00010197	UK
C00010199	UK
C00010200	UK
C00010201	UK
C00010202	UK
C00010203	UK
C00010204	UK
C00010205	UK
C00010206	UK
C00010208	UK
C00010209	UK
C00010210	UK
C00010212	UK
C00010215	UK
C00010216	UK
C00010217	UK
C00010218	UK
C00010219	UK
C00010220	UK
C00010222	UK
C00010223	UK
C00010224	UK
C00010225	UK
C00010227	UK
C00010228	UK
C00010229	UK
C00010230	UK
C00010231	UK
C00010232	UK
C00010233	UK
C00010234	UK
C00010235	UK
C00010237	UK
C00010238	UK
C00010239	UK
C00010240	UK
C00010241	UK
C00010242	UK
C00010243	UK
C00010244	UK
C00010245	UK
C00010248	UK
C00010249	UK
C00010250	UK
C00010251	UK
C00010253	UK
C00010254	UK
C00010255	UK
C00010256	UK
C00010257	UK
C00010258	UK
C00010259	UK
C00010260	UK
C00010261	UK
C00010262	UK
C00010263	UK
C00010264	UK
C00010265	UK
C00010266	UK
C00010267	UK
C00010269	UK
C00010270	UK
C00010271	UK
C00010272	UK
C00010465	UK
C00010466	UK
C00010467	UK
C00010469	UK
C00010470	UK
C00010471	UK
C00010472	UK
C00010473	UK
C00010474	UK
C00010475	UK
C00010477	UK
C00010479	UK
C00010480	UK
C00010481	UK
C00010482	UK
C00010483	UK
C00010484	UK
C00010485	UK
C00010486	UK
C00010487	UK
C00010488	UK
C00010489	UK
C00010490	UK
C00010491	UK
C00010492	UK
C00010494	UK
C00010496	UK
C00010497	UK
C00010498	UK
C00010499	UK
C00010500	UK
C00010501	UK
C00010502	UK
C00010503	UK
C00010504	UK
C00010505	UK
C00010506	UK
C00010507	UK
C00010508	UK
C00010509	UK
C00010510	UK
C00010511	UK
C00010514	UK
C00010515	UK
C00010516	UK
C00010518	UK
C00010519	UK
C00010521	UK
C00010522	UK
C00010523	UK
C00010525	UK
C00010526	UK
C00010530	UK
C00010532	UK
C00010533	UK
C00010534	UK
C00010535	UK
C00010536	UK
C00010537	UK
C00010539	UK
C00010540	UK
C00010541	UK
C00010542	UK
C00010543	UK
C00010544	UK
C00010547	UK
C00010548	UK
C00010549	UK
C00010550	UK
C00010553	UK
C00010557	UK
C00010558	UK
C00010559	UK
C00010560	UK
C00011366	UK
C00011374	UK
C00011375	UK
C00011381	UK
C00011384	UK
C00011385	UK
C00011389	UK
C00011391	UK
C00011394	UK
C00011396	UK
C00011401	UK
C00011403	UK
C00011404	UK
C00011405	UK
C00011407	UK
C00011408	UK
C00011409	UK
C00011410	UK
C00011411	UK
C00011412	UK
C00011414	UK
C00011415	UK
C00011416	UK
C00011418	UK
C00011419	UK
C00011420	UK
C00011421	UK
C00011422	UK
C00011423	UK
C00011424	UK
C00011425	UK
C00011426	UK
C00011427	UK
C00011428	UK
C00011429	UK
C00011430	UK
C00011431	UK
C00011432	UK
C00011433	UK
C00011434	UK
C00011435	UK
C00011436	UK
C00011438	UK
C00011441	UK
C00011442	UK
C00011443	UK
C00011444	UK
C00011445	UK
C00011446	UK
C00011447	UK
C00011448	UK
C00011449	UK
C00011451	UK
C00011452	UK
C00011453	UK
C00011454	UK
C00011455	UK
C00011456	UK
C00011457	UK
C00011458	UK
C00011459	UK
C00012637	UK
C00012638	UK
C00012868	UK
C00012869	UK
C00012870	UK
C00012871	UK
C00012872	UK
C00012873	UK
C00012874	UK
C00012875	UK
C00012876	UK
C00012877	UK
C00012878	UK
C00012879	UK
C00012881	UK
C00012882	UK
C00012884	UK
C00012885	UK
C00012886	UK
C00012887	UK
C00012888	UK
C00012889	UK
C00012890	UK
C00012891	UK
C00012892	UK
C00012893	UK
C00012894	UK
C00012895	UK
C00012896	UK
C00012897	UK
C00012899	UK
C00012900	UK
C00012901	UK
C00012902	UK
C00012903	UK
C00012904	UK
C00012905	UK
C00012906	UK
C00012907	UK
C00012908	UK
C00012909	UK
C00012910	UK
C00012912	UK
C00012913	UK
C00012915	UK
C00012916	UK
C00012917	UK
C00012918	UK
C00012919	UK
C00012920	UK
C00012921	UK
C00012922	UK
C00012923	UK
C00012924	UK
C00012925	UK
C00012927	UK
C00012928	UK
C00012929	UK
C00012930	UK
C00012931	UK
C00012933	UK
C00012934	UK
C00012935	UK
C00012936	UK
C00012937	UK
C00012938	UK
C00012939	UK
C00012940	UK
C00012941	UK
C00012942	UK
C00012943	UK
C00012944	UK
C00012945	UK
C00012946	UK
C00012947	UK
C00012948	UK
C00012949	UK
C00012950	UK
C00012951	UK
C00012952	UK
C00012953	UK
C00012954	UK
C00012955	UK
C00012956	UK
C00012957	UK
C00012958	UK
C00012959	UK
C00012960	UK
C00012961	UK
C00012962	UK
C00012963	UK
C00012964	UK
C00012965	UK
C00012966	UK
C00012967	UK
C00012968	UK
C00012969	UK
C00012970	UK
C00012971	UK
C00012972	UK
C00012973	UK
C00012974	UK
C00012975	UK
C00012977	UK
C00012980	UK
C00012981	UK
C00012982	UK
C00012983	UK
C00012984	UK
C00012985	UK
C00012986	UK
C00012987	UK
C00012988	UK
C00012989	UK
C00012990	UK
C00012991	UK
C00012992	UK
C00012993	UK
C00012994	UK
C00012995	UK
C00012996	UK
C00012997	UK
C00012998	UK
C00012999	UK
C00013000	UK
C00013001	UK
C00013002	UK
C00013003	UK
C00013004	UK
C00013005	UK
C00013006	UK
C00013007	UK
C00013008	UK
C00013009	UK
C00013010	UK
C00013011	UK
C00013012	UK
C00013013	UK
C00013014	UK
C00013015	UK
C00013016	UK
C00013017	UK
C00013018	UK
C00013019	UK
C00013020	UK
C00013021	UK
C00013022	UK
C00013023	UK
C00013024	UK
C00013025	UK
C00013026	UK
C00013027	UK
C00013028	UK
C00013029	UK
C00013030	UK
C00013031	UK
C00013032	UK
C00013033	UK
C00013034	UK
C00013035	UK
C00013036	UK
C00013037	UK
C00013038	UK
C00013039	UK
C00013040	UK
C00013041	UK
C00013042	UK
C00013044	UK
C00013045	UK
C00013046	UK
C00013047	UK
C00013048	UK
C00013049	UK
C00013050	UK
C00013052	UK
C00013053	UK
C00013054	UK
C00013055	UK
C00013056	UK
C00013057	UK
C00013058	UK
C00013059	UK
C00013060	UK
C00013061	UK
C00013062	UK
C00013063	UK
C00013064	UK
C00013065	UK
C00013066	UK
C00013067	UK
C00013068	UK
C00013069	UK
C00013070	UK
C00013071	UK
C00013073	UK
C00013074	UK
C00013076	UK
C00013077	UK
C00013078	UK
C00013079	UK
C00013080	UK
C00013081	UK
C00013082	UK
C00013083	UK
C00013084	UK
C00013085	UK
C00013087	UK
C00013088	UK
C00013089	UK
C00013090	UK
C00013091	UK
C00013092	UK
C00013093	UK
C00013094	UK
C00013095	UK
C00013096	UK
C00013097	UK
C00013098	UK
C00013099	UK
C00013100	UK
C00013101	UK
C00013102	UK
C00013103	UK
C00013104	UK
C00013105	UK
C00013106	UK
C00013107	UK
C00013108	UK
C00013109	UK
C00013110	UK
C00013111	UK
C00013112	UK
C00013113	UK
C00013114	UK
C00013115	UK
C00013116	UK
C00013117	UK
C00013118	UK
C00013119	UK
C00013120	UK
C00013121	UK
C00013122	UK
C00013123	UK
C00013124	UK
C00013125	UK
C00013126	UK
C00013127	UK
C00013128	UK
C00013130	UK
C00013131	UK
C00013132	UK
C00013133	UK
C00013134	UK
C00013135	UK
C00013136	UK
C00013137	UK
C00013138	UK
C00013139	UK
C00013140	UK
C00013141	UK
C00013142	UK
C00013143	UK
C00013144	UK
C00013145	UK
C00013146	UK
C00013147	UK
C00013148	UK
C00013149	UK
C00013150	UK
C00013151	UK
C00013152	UK
C00013153	UK
C00013154	UK
C00013155	UK
C00014433	UK
C00014537	UK
C00014539	UK
C00014540	UK
C00014541	UK
C00014542	UK
C00014543	UK
C00014544	UK
C00014545	UK
C00014546	UK
C00014547	UK
C00014548	UK
C00014549	UK
C00014550	UK
C00014551	UK
C00014552	UK
C00014553	UK
C00014554	UK
C00014555	UK
C00014557	UK
C00014558	UK
C00014559	UK
C00014560	UK
C00014561	UK
C00014562	UK
C00014563	UK
C00014565	UK
C00014566	UK
C00014567	UK
C00014568	UK
C00014569	UK
C00014570	UK
C00014571	UK
C00014572	UK
C00014573	UK
C00014574	UK
C00014577	UK
C00014578	UK
C00014579	UK
C00014581	UK
C00014582	UK
C00014583	UK
C00014584	UK
C00014585	UK
C00014586	UK
C00014587	UK
C00014588	UK
C00014589	UK
C00014590	UK
C00014592	UK
C00014593	UK
C00014594	UK
C00014596	UK
C00014597	UK
C00014598	UK
C00014599	UK
C00014600	UK
C00014601	UK
C00014602	UK
C00014603	UK
C00014604	UK
C00014605	UK
C00014606	UK
C00014607	UK
C00014608	UK
C00014609	UK
C00014610	UK
C00014612	UK
C00014613	UK
C00014614	UK
C00014615	UK
C00014616	UK
C00014617	UK
C00014618	UK
C00014619	UK
C00014620	UK
C00014621	UK
C00014622	UK
C00014623	UK
C00014624	UK
C00014626	UK
C00014627	UK
C00014628	UK
C00014629	UK
C00014630	UK
C00014631	UK
C00014729	UK
C00014730	UK
C00014731	UK
C00014732	UK
C00014733	UK
C00014734	UK
C00014735	UK
C00014736	UK
C00014737	UK
C00014739	UK
C00014740	UK
C00014741	UK
C00014742	UK
C00014743	UK
C00014744	UK
C00014745	UK
C00014748	UK
C00014749	UK
C00014750	UK
C00014751	UK
C00014752	UK
C00014753	UK
C00014754	UK
C00014759	UK
C00014760	UK
C00014762	UK
C00014763	UK
C00014765	UK
C00014766	UK
C00014767	UK
C00014768	UK
C00014769	UK
C00014770	UK
C00014771	UK
C00014772	UK
C00014773	UK
C00014774	UK
C00014775	UK
C00014776	UK
C00014777	UK
C00014778	UK
C00014779	UK
C00014780	UK
C00014781	UK
C00014782	UK
C00014783	UK
C00014784	UK
C00014785	UK
C00014786	UK
C00014787	UK
C00014788	UK
C00014789	UK
C00014791	UK
C00014792	UK
C00014793	UK
C00014794	UK
C00014795	UK
C00014796	UK
C00014798	UK
C00014799	UK
C00014800	UK
C00014801	UK
C00014802	UK
C00014803	UK
C00014804	UK
C00014805	UK
C00014806	UK
C00014807	UK
C00014808	UK
C00014809	UK
C00014810	UK
C00014811	UK
C00014813	UK
C00014814	UK
C00014816	UK
C00014818	UK
C00014819	UK
C00014820	UK
C00014821	UK
C00014822	UK
C00014823	UK
C00014824	UK
C00014836	UK
C00014837	UK
C00014838	UK
C00014839	UK
C00014840	UK
C00014841	UK
C00014843	UK
C00014844	UK
C00014845	UK
C00014846	UK
C00014847	UK
C00014848	UK
C00014849	UK
C00014850	UK
C00014851	UK
C00014852	UK
C00014853	UK
C00014854	UK
C00014855	UK
C00014856	UK
C00014858	UK
C00014859	UK
C00014860	UK
C00014861	UK
C00014862	UK
C00014863	UK
C00014864	UK
C00014865	UK
C00014866	UK
C00014867	UK
C00014868	UK
C00014869	UK
C00014870	UK
C00014871	UK
C00014872	UK
C00014873	UK
C00014874	UK
C00014875	UK
C00014876	UK
C00014877	UK
C00014879	UK
C00014880	UK
C00014883	UK
C00014885	UK
C00014888	UK
C00014889	UK
C00014890	UK
C00014891	UK
C00014892	UK
C00014893	UK
C00014894	UK
C00014895	UK
C00014896	UK
C00014897	UK
C00014898	UK
C00014899	UK
C00014900	UK
C00014901	UK
C00014902	UK
C00014905	UK
C00014908	UK
C00014913	UK
C00014914	UK
C00014917	UK
C00014918	UK
C00014919	UK
C00014920	UK
C00014921	UK
C00014922	UK
C00014923	UK
C00014924	UK
C00014925	UK
C00014926	UK
C00014927	UK
C00014928	UK
C00014929	UK
C00014930	UK
C00014931	UK
C00014932	UK
C00014933	UK
C00014934	UK
C00014935	UK
C00014936	UK
C00014937	UK
C00014938	UK
C00014939	UK
C00014940	UK
C00014941	UK
C00014942	UK
C00014943	UK
C00014944	UK
C00014945	UK
C00014946	UK
C00014947	UK
C00014948	UK
C00014949	UK
C00014950	UK
C00014951	UK
C00014953	UK
C00014954	UK
C00014955	UK
C00014956	UK
C00014957	UK
C00014958	UK
C00014959	UK
C00014960	UK
C00014961	UK
C00014962	UK
C00014963	UK
C00014964	UK
C00014965	UK
C00014966	UK
C00014967	UK
C00014968	UK
C00014969	UK
C00014970	UK
C00014971	UK
C00014973	UK
C00014974	UK
C00014976	UK
C00014977	UK
C00014980	UK
C00014982	UK
C00014983	UK
C00014984	UK
C00014985	UK
C00014987	UK
C00014988	UK
C00014989	UK
C00014990	UK
C00014991	UK
C00014992	UK
C00014993	UK
C00014994	UK
C00014999	UK
C00015000	UK
C00015001	UK
C00015003	UK
C00015005	UK
C00015006	UK
C00015007	UK
C00015008	UK
C00015009	UK
C00015010	UK
C00015011	UK
C00015012	UK
C00015013	UK
C00015014	UK
C00015015	UK
C00015016	UK
C00015017	UK
C00015018	UK
C00015021	UK
C00015022	UK
C00015023	UK
C00015024	UK
C00015025	UK
C00015026	UK
C00015027	UK
C00015221	UK
C00016493	UK
C00016494	UK
C00016496	UK
C00016497	UK
C00016499	UK
C00016500	UK
C00016501	UK
C00016502	UK
C00016504	UK
C00016505	UK
C00016507	UK
C00016508	UK
C00016509	UK
C00016517	UK
C00016523	UK
C00016524	UK
C00016526	UK
C00016527	UK
C00016528	UK
C00016529	UK
C00016530	UK
C00016532	UK
C00016533	UK
C00016534	UK
C00016535	UK
C00016536	UK
C00016539	UK
C00016540	UK
C00016541	UK
C00016542	UK
C00016543	UK
C00016544	UK
C00016545	UK
C00016548	UK
C00016550	UK
C00016551	UK
C00016552	UK
C00016553	UK
C00016554	UK
C00016555	UK
C00016557	UK
C00016558	UK
C00016559	UK
C00016560	UK
C00016561	UK
C00016562	UK
C00016564	UK
C00016567	UK
C00016568	UK
C00016569	UK
C00016574	UK
C00016576	UK
C00016580	UK
C00016581	UK
C00016582	UK
C00016583	UK
C00016586	UK
C00016587	UK
C00016593	UK
C00016595	UK
C00016599	UK
C00016600	UK
C00016601	UK
C00016603	UK
C00016605	UK
C00016849	UK
C00016850	UK
C00016851	UK
C00016852	UK
C00016853	UK
C00016854	UK
C00016855	UK
C00016856	UK
C00016857	UK
C00016858	UK
C00016859	UK
C00016860	UK
C00016861	UK
C00016862	UK
C00016863	UK
C00016864	UK
C00016865	UK
C00016866	UK
C00016867	UK
C00016868	UK
C00016869	UK
C00016870	UK
C00016871	UK
C00016872	UK
C00016873	UK
C00016874	UK
C00016875	UK
C00016876	UK
C00016877	UK
C00016878	UK
C00016879	UK
C00016880	UK
C00016881	UK
C00016882	UK
C00016883	UK
C00016884	UK
C00016885	UK
C00016886	UK
C00016887	UK
C00016888	UK
C00016889	UK
C00016890	UK
C00016891	UK
C00016892	UK
C00016893	UK
C00016894	UK
C00016895	UK
C00016896	UK
C00016897	UK
C00016898	UK
C00016899	UK
C00016900	UK
C00016901	UK
C00016902	UK
C00016903	UK
C00016904	UK
C00016905	UK
C00016906	UK
C00016907	UK
C00016908	UK
C00016909	UK
C00016910	UK
C00016911	UK
C00016912	UK
C00016913	UK
C00016914	UK
C00016915	UK
C00016916	UK
C00016917	UK
C00016918	UK
C00016919	UK
C00016920	UK
C00016921	UK
C00016922	UK
C00016923	UK
C00016924	UK
C00016925	UK
C00016926	UK
C00016927	UK
C00016928	UK
C00016929	UK
C00016930	UK
C00016931	UK
C00016932	UK
C00016933	UK
C00016934	UK
C00016935	UK
C00016936	UK
C00016937	UK
C00016938	UK
C00016939	UK
C00016940	UK
C00016941	UK
C00016942	UK
C00016943	UK
C00016944	UK
C00017917	UK
C00017918	UK
C00017919	UK
C00017921	UK
C00017922	UK
C00017923	UK
C00017924	UK
C00017925	UK
C00017926	UK
C00017927	UK
C00017928	UK
C00017929	UK
C00017930	UK
C00017931	UK
C00017932	UK
C00017933	UK
C00017934	UK
C00017935	UK
C00017936	UK
C00017937	UK
C00017938	UK
C00017939	UK
C00017940	UK
C00017941	UK
C00017942	UK
C00017943	UK
C00017944	UK
C00017945	UK
C00017946	UK
C00017947	UK
C00017948	UK
C00017949	UK
C00017950	UK
C00017951	UK
C00017952	UK
C00017953	UK
C00017954	UK
C00017955	UK
C00017956	UK
C00017957	UK
C00017958	UK
C00017959	UK
C00017960	UK
C00017961	UK
C00017962	UK
C00017963	UK
C00017964	UK
C00017965	UK
C00017966	UK
C00017967	UK
C00017968	UK
C00017969	UK
C00017970	UK
C00017971	UK
C00017973	UK
C00017974	UK
C00017975	UK
C00017976	UK
C00017977	UK
C00017978	UK
C00017979	UK
C00017980	UK
C00017981	UK
C00017982	UK
C00017983	UK
C00017984	UK
C00017985	UK
C00017986	UK
C00017987	UK
C00017988	UK
C00017989	UK
C00017990	UK
C00017991	UK
C00017992	UK
C00017993	UK
C00017994	UK
C00017995	UK
C00017996	UK
C00017997	UK
C00017998	UK
C00017999	UK
C00018000	UK
C00018001	UK
C00018002	UK
C00018003	UK
C00018004	UK
C00018005	UK
C00018006	UK
C00018007	UK
C00018008	UK
C00018009	UK
C00018010	UK
C00018011	UK
C00018012	UK
C00018799	UK
C00018800	UK
C00018802	UK
C00018803	UK
C00018804	UK
C00018805	UK
C00018807	UK
C00018808	UK
EI00643414-S8	South Afica
IF00020880-S26	South Afica
IF00020969-S32	South Afica
IF00079308-S20	South Afica
IF00079383-S27	South Afica
IF00079388-S23	South Afica
IF00091665-S7	South Afica
IF00091750-S10	South Afica
IF00091761-S29	South Afica
IF00112193-S1	South Afica
IF00129143-S32	South Afica
IF00133942-S34	South Afica
IF00133966-S10	South Afica
IF00140841-S30	South Afica
IK00109200-S24	South Afica
IK00109221-S12	South Afica
IK00117937-S5	South Afica
IK00170295-S8	South Afica
JC00167711-S2	South Afica
JC00167713-S9	South Afica
JC00167714-S1	South Afica
LA00001073-S2	South Afica
MG00235575-S17	South Afica
MG00255827-S9	South Afica
MG00279768-S21	South Afica
MG00304956-S25	South Afica
OR00050580-S5	South Afica
PK00487346-S13	South Afica
PK00499135-S21	South Afica
PS00227738-S22	South Afica
PS00229629-S23	South Afica
PS00245642-S10	South Afica
RG00148290-S22	South Afica
RG00149801-S4	South Afica
RG00151067-S2	South Afica
RG00152541-S19	South Afica
RG00153143-S11	South Afica
TRL0015859-S14	South Afica
TRL0015867-S26	South Afica
TRL0015869-S1	South Afica
TRL0015960	South Afica
TRL0016066-S14	South Afica
TRL0016080-S31	South Afica
TRL0016087-S13	South Afica
TRL0016098-S12	South Afica
TRL0016123	South Afica
TRL0016130-S22	South Afica
TRL0016174-S10	South Afica
TRL0016178-S14	South Afica
TRL0016199-S3	South Afica
TRL0016214-S1	South Afica
TRL0016219-S20	South Afica
TRL0016252-S12	South Afica
TRL0016256-S4	South Afica
TRL0016271-S12	South Afica
TRL0016301-S13	South Afica
TRL0016312-S1	South Afica
TRL0016321-S19	South Afica
TRL0016331-S16	South Afica
TRL0016341-S13	South Afica
TRL0016353-S19	South Afica
TRL0016408	South Afica
TRL0016409-S27	South Afica
TRL0016449	South Afica
TRL0016474	South Afica
TRL0016497-S2	South Afica
TRL0016503-S2	South Afica
TRL0016512-S10	South Afica
TRL0016521	South Afica
TRL0016541	South Afica
TRL0016549-S15	South Afica
TRL0016580	South Afica
TRL0016616-S26	South Afica
TRL0016622-S29	South Afica
TRL0016629	South Afica
TRL0016694	South Afica
TRL0016704-S3	South Afica
TRL0016724-S3	South Afica
TRL0016742-S47	South Afica
TRL0016761-S17	South Afica
TRL0016762	South Afica
TRL0016801-S20	South Afica
TRL0016813-S17	South Afica
TRL0016814-S44	South Afica
TRL0016882-S9	South Afica
TRL0017022-S1	South Afica
TRL0017025-S11	South Afica
TRL0017134-S11	South Afica
TRL0017152	South Afica
TRL0017228-S7	South Afica
TRL0017298	South Afica
TRL0017317-S4	South Afica
TRL0017365	South Afica
TRL0017519-S6	South Afica
TRL0017575	South Afica
TRL0017697-S18	South Afica
TRL0017721	South Afica
TRL0017740	South Afica
TRL0017757	South Afica
TRL0017766-S27	South Afica
TRL0017768-S8	South Afica
TRL0017809	South Afica
TRL0018039	South Afica
TRL0018072-S18	South Afica
TRL0018089-S9	South Afica
TRL0018169	South Afica
TRL0018178-S9	South Afica
TRL0018220-S2	South Afica
TRL0018266-S19	South Afica
TRL0018311	South Afica
TRL0018352-S3	South Afica
TRL0018360	South Afica
TRL0018368-S11	South Afica
TRL0018403-S8	South Afica
TRL0018441-S3	South Afica
TRL0018445	South Afica
TRL0018485-S17	South Afica
TRL0018488-S5	South Afica
TRL0018583-S31	South Afica
TRL0018632-S1	South Afica
TRL0018664-S13	South Afica
TRL0018722-S6	South Afica
TRL0018733-S5	South Afica
TRL0018790	South Afica
TRL0018800-S4	South Afica
TRL0018811	South Afica
TRL0018813-S15	South Afica
TRL0018872-S1	South Afica
TRL0018937	South Afica
TRL0018958-S9	South Afica
TRL0019058-S6	South Afica
TRL0019063-S15	South Afica
TRL0019074-S4	South Afica
TRL0019143-S29	South Afica
TRL0019195-S16	South Afica
TRL0019282-S7	South Afica
TRL0019284	South Afica
TRL0019292	South Afica
TRL0019680-S8	South Afica
TRL0019899	South Afica
TRL0019955-S17	South Afica
TRL0019973-S18	South Afica
TRL0020341-S24	South Afica
TRL0020344-S21	South Afica
TRL0020517	South Afica
TRL0020863-S23	South Afica
TRL0020966-S27	South Afica
TRL0020986	South Afica
TRL0021012-S4	South Afica
TRL0021250-S11	South Afica
TRL0021300-S41	South Afica
TRL0021378-S12	South Afica
TRL0021395-S24	South Afica
TRL0021417-S36	South Afica
TRL0021420-S12	South Afica
TRL0021714	South Afica
TRL0021763-S20	South Afica
TRL0021821-S7	South Afica
TRL0021881	South Afica
TRL0021931-S27	South Afica
TRL0022004-S8	South Afica
TRL0022006-S1	South Afica
TRL0022009-S37	South Afica
TRL0022047-S10	South Afica
TRL0022053-S14	South Afica
TRL0022536-S28	South Afica
TRL0022661-S9	South Afica
TRL0022753-S10	South Afica
TRL0023175-S6	South Afica
TRL0023419-S3	South Afica
TRL0023423-S10	South Afica
TRL0023615-S4	South Afica
TRL0023638-S6	South Afica
TRL0024083-S12	South Afica
TRL0024177-S29	South Afica
TRL0024182-S13	South Afica
TRL0024245-S21	South Afica
TRL0024281	South Afica
TRL0024361-S18	South Afica
TRL0024390-S24	South Afica
TRL0024410-S8	South Afica
TRL0024506-S9	South Afica
TRL0024745-S19	South Afica
TRL0024874-S16	South Afica
TRL0024875	South Afica
TRL0025007-S5	South Afica
TRL0025285-S11	South Afica
TRL0025403-S30	South Afica
TRL0025475-S12	South Afica
TRL0025476-S16	South Afica
TRL0025711-S14	South Afica
TRL0025762	South Afica
TRL0025873-S14	South Afica
TRL0025996-S9	South Afica
TRL0026167-S15	South Afica
TRL0026204-S13	South Afica
TRL0026310-S4	South Afica
TRL0026425-S47	South Afica
TRL0026428-S16	South Afica
TRL0026435	South Afica
TRL0026608-S23	South Afica
TRL0026655-S14	South Afica
TRL0026860-S24	South Afica
TRL0027342-S8	South Afica
TRL0027390-S21	South Afica
TRL0027392-S5	South Afica
TRL0027440-S12	South Afica
TRL0027505-S18	South Afica
TRL0027509-S21	South Afica
TRL0027521-S18	South Afica
TRL0028246-S7	South Afica
TRL0028320-S45	South Afica
TRL0028391-S16	South Afica
TRL0028744-S13	South Afica
TRL0028810-S9	South Afica
TRL0028961-S18	South Afica
TRL0029067-S40	South Afica
TRL0029138-S10	South Afica
TRL0029147-S19	South Afica
TRL0029432-S45	South Afica
TRL0029435	South Afica
TRL0029765	South Afica
TRL0029777-S19	South Afica
TRL0029793-S20	South Afica
TRL0029796-S8	South Afica
TRL0029808-S8	South Afica
TRL0029924-S17	South Afica
TRL0029926-S2	South Afica
TRL0029962	South Afica
TRL0030368-S15	South Afica
TRL0030380-S14	South Afica
TRL0030420	South Afica
TRL0030430-S9	South Afica
TRL0030872-S11	South Afica
TRL0030890	South Afica
TRL0030958-S27	South Afica
TRL0030963	South Afica
TRL0030979-S43	South Afica
TRL0030988-S20	South Afica
TRL0030991-S7	South Afica
TRL0031029-S19	South Afica
TRL0031114-S17	South Afica
TRL0031240-S32	South Afica
TRL0031430	South Afica
TRL0031434-S22	South Afica
TRL0031475-S9	South Afica
TRL0031487-S32	South Afica
TRL0031813-S6	South Afica
TRL0033281	South Afica
TRL0034386	South Afica
TRL0035150-S17	South Afica
TRL0035581	South Afica
TRL0035583-S28	South Afica
TRL0035631-S15	South Afica
TRL0035890-S42	South Afica
TRL0035923-S9	South Afica
TRL0036335-S14	South Afica
TRL0036568-S5	South Afica
TRL0036751	South Afica
TRL0036775-S15	South Afica
TRL0036776-S20	South Afica
TRL0036924-S16	South Afica
TRL0036926-S26	South Afica
TRL0036930-S8	South Afica
TRL0036942-S24	South Afica
TRL0037067	South Afica
TRL0037193-S22	South Afica
TRL0037206	South Afica
TRL0037347-S24	South Afica
TRL0037386-S2	South Afica
TRL0037387-S20	South Afica
TRL0037467	South Afica
TRL0037564	South Afica
TRL0037652-S18	South Afica
TRL0037981	South Afica
TRL0038177-S6	South Afica
TRL0038310-S24	South Afica
TRL0038707-S30	South Afica
TRL0038862-S25	South Afica
TRL0039158-S21	South Afica
TRL0039162-S20	South Afica
TRL0039430-S3	South Afica
TRL0039576-S17	South Afica
TRL0039671-S15	South Afica
TRL0040311-S22	South Afica
TRL0040326-S29	South Afica
TRL0040331-S7	South Afica
TRL0040360-S9	South Afica
TRL0040496-S23	South Afica
TRL0040499-S24	South Afica
TRL0040652-S21	South Afica
TRL0040865-S1	South Afica
TRL0040920	South Afica
TRL0040969-S27	South Afica
TRL0041171-S25	South Afica
TRL0041346-S20	South Afica
TRL0041397-S11	South Afica
TRL0042827-S3	South Afica
TRL0043120-S7	South Afica
TRL0043243-S18	South Afica
TRL0043301-S22	South Afica
TRL0043322-S7	South Afica
TRL0043478-S14	South Afica
TRL0043527-S1	South Afica
TRL0043666-S11	South Afica
TRL0043753-S29	South Afica
TRL0044622-S3	South Afica
TRL0045077-S11	South Afica
TRL0045387-S12	South Afica
TRL0045639-S8	South Afica
TRL0045723-S31	South Afica
TRL0045822-S7	South Afica
TRL0045830-S16	South Afica
TRL0046086-S18	South Afica
TRL0046151-S4	South Afica
TRL0046340-S3	South Afica
TRL0046364-S13	South Afica
TRL0047754-S26	South Afica
TRL0049135-S3	South Afica
TRL0049162-S14	South Afica
TRL0049838-S24	South Afica
TRL0050577-S10	South Afica
TRL0050689-S4	South Afica
TRL0051642-S16	South Afica
TRL0051961-S35	South Afica
TRL0052654-S12	South Afica
TRL0053150-S11	South Afica
TRL0053182-S12	South Afica
TRL0053298-S15	South Afica
TRL0054630-S6	South Afica
TRL0054676-S6	South Afica
TRL0054899-S1	South Afica
TRL0055792-S4	South Afica
TRL0056108-S28	South Afica
TRL0056156-S14	South Afica
TRL0056983-S31	South Afica
TRL0057006-S8	South Afica
TRL0057616-S8	South Afica
TRL0057674-S4	South Afica
TRL0057764-S21	South Afica
TRL0058691-S3	South Afica
TRL0058892-S16	South Afica
TRL0058914-S7	South Afica
TRL0059001-S5	South Afica
TRL0059070-S30	South Afica
TRL0059183-S11	South Afica
TRL0059197-S10	South Afica
TRL0059489-S28	South Afica
TRL0059646-S17	South Afica
TRL0060199-S17	South Afica
TRL0060342-S24	South Afica
TRL0060376-S28	South Afica
TRL0061033-S18	South Afica
TRL0061447-S19	South Afica
TRL0062100	South Afica
TRL0062143-S18	South Afica
TRL0062170-S16	South Afica
TRL0063032-S21	South Afica
TRL0063055-S29	South Afica
TRL0063456-S10	South Afica
TRL0063481-S2	South Afica
TRL0063555-S31	South Afica
TRL0063724	South Afica
TRL0063884-S3	South Afica
TRL0063896-S4	South Afica
TRL0063914-S16	South Afica
TRL0064013-S5	South Afica
TRL0064051	South Afica
TRL0064106	South Afica
TRL0064743	South Afica
TRL0065076-S23	South Afica
TRL0065110	South Afica
TRL0065252-S30	South Afica
TRL0065783-S36	South Afica
TRL0066126	South Afica
TRL0066835-S21	South Afica
TRL0066916-S30	South Afica
TRL0067004-S31	South Afica
TRL0067090-S39	South Afica
TRL0067425-S8	South Afica
TRL0067769-S10	South Afica
TRL0067882-S44	South Afica
TRL0067893-S5	South Afica
TRL0070076-S27	South Afica
TRL0070793-S28	South Afica
TRL0070824-S29	South Afica
TRL0070946-S21	South Afica
TRL0071256-S14	South Afica
TRL0071347-S18	South Afica
TRL0071867-S21	South Afica
TRL0072239-S14	South Afica
TRL0072266-S6	South Afica
TRL0072301-S14	South Afica
TRL0072847-S34	South Afica
TRL0073346-S17	South Afica
TRL0073356-S35	South Afica
TRL0073381-S2	South Afica
TRL0073593-S1	South Afica
TRL0073901-S17	South Afica
TRL0074012-S30	South Afica
TRL0074630-S3	South Afica
TRL0074676-S5	South Afica
TRL0074770-S22	South Afica
TRL0075111-S5	South Afica
TRL0075296-S24	South Afica
TRL0075316-S18	South Afica
TRL0075618-S48	South Afica
TRL0075945-S5	South Afica
TRL0076956-S28	South Afica
TRL0077249-S15	South Afica
TRL0077719-S14	South Afica
TRL0077722-S13	South Afica
TRL0077954-S26	South Afica
TRL0078551-S40	South Afica
TRL0078595-S27	South Afica
TRL0078651-S39	South Afica
TRL0078704-S32	South Afica
TRL0078721-S40	South Afica
TRL0078962-S28	South Afica
TRL0078971-S30	South Afica
TRL0078973-S11	South Afica
TRL0079131-S27	South Afica
TRL0079452-S12	South Afica
TRL0079551-S12	South Afica
TRL0079834-S3	South Afica
TRL0079878-S33	South Afica
TRL0080005-S15	South Afica
TRL0080018-S12	South Afica
TRL0080038-S9	South Afica
TRL0080041-S19	South Afica
TRL0080043-S24	South Afica
TRL0080058-S10	South Afica
TRL0080213-S17	South Afica
TRL0080353-S32	South Afica
TRL0080404-S40	South Afica
TRL0080516-S28	South Afica
TRL0080532-S39	South Afica
TRL0080546-S41	South Afica
TRL0080687-S31	South Afica
TRL0080690	South Afica
TRL0080718-S23	South Afica
TRL0080723-S21	South Afica
TRL0080727-S37	South Afica
TRL0080752-S4	South Afica
TRL0080755-S38	South Afica
TRL0080776-S28	South Afica
TRL0080777-S13	South Afica
TRL0080785-S12	South Afica
TRL0080791-S14	South Afica
TRL0080801-S15	South Afica
TRL0080882-S14	South Afica
TRL0080884-S1	South Afica
TRL0080892-S44	South Afica
TRL0080930-S14	South Afica
TRL0080932-S20	South Afica
TRL0081243-S3	South Afica
TRL0081253-S25	South Afica
TRL0081266-S48	South Afica
TRL0081268-S7	South Afica
TRL0081269-S18	South Afica
TRL0081319-S9	South Afica
TRL0081326-S20	South Afica
TRL0081349-S2	South Afica
TRL0081367-S19	South Afica
TRL0081395-S8	South Afica
TRL0081682-S42	South Afica
TRL0081746-S3	South Afica
TRL0081761-S26	South Afica
TRL0081942-S6	South Afica
TRL0081955-S11	South Afica
TRL0082067-S3	South Afica
TRL0082082-S45	South Afica
TRL0082136-S24	South Afica
TRL0082159-S26	South Afica
TRL0082388-S37	South Afica
TRL0082601-S45	South Afica
TRL0082605-S22	South Afica
TRL0082637-S41	South Afica
TRL0082691-S24	South Afica
TRL0082771-S31	South Afica
TRL0083264-S4	South Afica
TRL0083275-S29	South Afica
TRL0083278-S8	South Afica
TRL0083314-S30	South Afica
TRL0083371-S6	South Afica
TRL0083454-S15	South Afica
TRL0083460-S16	South Afica
TRL0083465-S13	South Afica
TRL0083472-S1	South Afica
TRL0083549-S20	South Afica
TRL0083568-S31	South Afica
TRL0083637-S3	South Afica
TRL0083756-S15	South Afica
TRL0083821-S16	South Afica
TRL0084031-S28	South Afica
TRL0084076-S21	South Afica
TRL0084152-S40	South Afica
TRL0085498-S23	South Afica
TRL0085644-S26	South Afica
TRL0090037-S18	South Afica
TRL0091482-S35	South Afica
TRL0093860-S21	South Afica
YA00000352-S19	South Afica
YA00000468-S9	South Afica
